TimeStamps,AnkleAccelerometer,,,AnkleAngularVelocity,,,AnkleLuminosity,RightPocketAccelerometer,,,RightPocketAngularVelocity,,,RightPocketLuminosity,BeltAccelerometer,,,BeltAngularVelocity,,,BeltLuminosity,NeckAccelerometer,,,NeckAngularVelocity,,,NeckLuminosity,WristAccelerometer,,,WristAngularVelocity,,,WristLuminosity,BrainSensor,Infrared1,Infrared2,Infrared3,Infrared4,Infrared5,Infrared6,Subject,Activity,Trial
,x-axis (g),y-axis (g),z-axis (g),x-axis (deg/s),y-axis (deg/s),z-axis (deg/s),illuminance (lx),x-axis (g),y-axis (g),z-axis (g),x-axis (deg/s),y-axis (deg/s),z-axis (deg/s),illuminance (lx),x-axis (g),y-axis (g),z-axis (g),x-axis (deg/s),y-axis (deg/s),z-axis (deg/s),illuminance (lx),x-axis (g),y-axis (g),z-axis (g),x-axis (deg/s),y-axis (deg/s),z-axis (deg/s),illuminance (lx),x-axis (g),y-axis (g),z-axis (g),x-axis (deg/s),y-axis (deg/s),z-axis (deg/s),illuminance (lx),,,,,,,
2018-07-06T11:45:30.630433,-1.056,0.063,-0.041,45.976,-11.341,27.5,632.118,0.854,0.548,0.061,64.939,-24.512,-10.244,1.774,-0.028,1,0.11,13.415,0.488,7.073,0,-0.686,0.216,-0.743,-11.037,8.963,-12.073,189.805,0.911,0.375,0.032,17.866,9.878,1.768,169.888,155,1,1,1,1,1,1,6,3,1,7
2018-07-06T11:45:30.700120,-1.034,0.123,-0.032,1.037,2.683,0.915,632.118,0.854,0.548,0.061,-51.646,-26.159,-16.098,1.774,-0.028,1,0.11,-1.89,2.744,2.317,0,-0.686,0.216,-0.743,-9.695,-2.134,-8.232,189.805,0.89,0.345,0.092,17.805,-3.72,-7.622,169.888,34,1,1,1,1,1,1,6,3,1,7
2018-07-06T11:45:30.765298,-1.034,0.123,-0.032,-7.927,8.841,-8.415,632.118,1.035,0.132,0.014,9.817,-17.317,4.451,1.774,0.081,0.965,0.132,2.073,8.049,1.28,0,-0.689,0.208,-0.786,-2.866,7.012,-4.024,189.805,0.927,0.309,0.141,-15.61,-6.341,-0.061,169.888,11,1,1,1,1,1,1,6,3,1,7
2018-07-06T11:45:30.820449,-1.039,0.005,-0.074,-3.354,5.122,-4.268,632.118,0.954,0.2,-0.077,14.878,-4.573,5.244,1.774,0.023,0.97,0.108,-2.134,10.183,2.073,0,-0.693,0.218,-0.766,-2.805,-5,-0.488,189.805,0.941,0.258,0.146,-7.317,-3.11,1.829,169.888,-46,1,1,1,1,1,1,6,3,1,7
2018-07-06T11:45:30.899663,-1.041,0.076,-0.054,-16.22,12.012,-17.439,632.118,0.918,0.329,-0.082,8.963,-0.793,-1.402,1.774,0.001,1.013,0.076,-1.524,8.293,0.61,0,-0.69,0.222,-0.772,-4.817,-0.488,-1.89,189.805,0.947,0.227,0.104,12.073,7.439,1.524,169.888,-197,1,1,1,1,1,1,6,3,1,7
2018-07-06T11:45:30.971858,-1.036,-0.071,-0.099,-13.598,13.415,-17.988,632.118,0.983,0.235,-0.051,15.976,4.756,5,1.774,0.021,0.962,0.089,-4.939,10.854,2.073,0,-0.661,0.19,-0.823,-2.927,18.293,-7.439,189.805,0.947,0.227,0.104,27.134,9.939,4.329,169.888,235,1,1,1,1,1,1,6,3,1,7
2018-07-06T11:45:31.030018,-1.018,-0.042,-0.093,-7.134,1.098,6.89,632.118,0.879,0.356,-0.186,4.268,12.744,10.427,1.774,0.021,0.962,0.089,0.305,14.695,1.341,0,-0.619,0.187,-0.826,-8.049,5.793,-10.366,189.805,0.944,0.201,0.042,49.207,15.854,4.024,160.704,256,1,1,1,1,1,1,6,3,1,7
2018-07-06T11:45:31.099204,-1.018,-0.042,-0.093,-9.939,1.22,8.963,632.118,0.917,0.306,-0.076,21.768,-1.707,-3.049,1.774,-0.012,0.978,0.058,-2.439,11.585,0.61,0,-0.619,0.187,-0.826,-11.524,13.598,-14.573,189.805,0.943,0.225,0.011,69.878,22.866,-0.854,160.704,-81,1,1,1,1,1,1,6,3,1,7
2018-07-06T11:45:31.171400,-1.026,0.013,-0.091,-5,2.866,5.244,632.118,0.917,0.306,-0.076,17.134,5.122,1.585,1.774,0.004,0.99,0.067,-12.866,15.427,0.915,0,-0.607,0.175,-0.841,-12.5,9.939,-11.524,189.805,0.923,0.21,0.019,43.537,24.207,2.927,160.704,-38,1,1,1,1,1,1,6,3,1,7
2018-07-06T11:45:31.230564,-1.031,0.011,-0.091,-11.646,2.378,9.207,632.118,0.931,0.271,-0.088,2.744,10.915,10.122,1.774,-0.008,0.973,0.055,-10.793,15.244,2.683,0,-0.587,0.188,-0.854,-6.768,10.915,-13.78,189.805,0.91,0.187,0.043,42.744,25.854,6.646,160.704,97,1,1,1,1,1,1,6,3,1,7
2018-07-06T11:45:31.303764,-1.021,0.03,-0.098,-6.89,8.476,10.671,632.118,0.962,0.273,-0.05,10.915,19.451,13.841,1.774,-0.015,0.958,0.075,-17.439,17.622,-3.72,0,-0.556,0.154,-0.85,-7.988,8.963,-14.085,189.805,0.905,0.19,0.031,61.768,29.512,3.171,160.704,167,1,1,1,1,1,1,6,3,1,7
2018-07-06T11:45:31.369940,-1.023,0.033,-0.112,-8.415,5.61,11.829,632.118,0.93,0.256,-0.041,-2.988,35.366,18.537,1.774,0.002,0.973,0.078,-19.573,19.451,-0.427,0,-0.528,0.134,-0.848,-2.744,5.976,-12.5,189.805,0.905,0.19,0.031,48.232,36.768,3.72,160.704,-234,1,1,1,1,1,1,6,3,1,7
2018-07-06T11:45:31.429104,-1.03,0.058,-0.103,-12.195,6.341,16.402,632.118,0.95,0.237,-0.015,-1.585,32.317,24.207,1.774,0.002,0.973,0.078,-36.768,20.976,-4.756,0,-0.509,0.139,-0.834,-7.012,22.195,-13.049,189.805,0.905,0.198,0.088,20.427,31.585,8.171,160.704,23,1,1,1,1,1,1,6,3,1,3
2018-07-06T11:45:31.499795,-1.03,0.058,-0.103,-7.744,7.317,13.72,632.118,0.943,0.242,0.072,-8.902,49.268,29.207,1.774,-0.028,0.875,0.045,-20.061,22.5,0.366,0,-0.509,0.139,-0.834,-7.5,-7.073,-10.549,189.805,0.883,0.149,0.17,17.439,41.829,6.585,160.704,80,1,1,1,1,1,1,6,3,1,3
2018-07-06T11:45:31.582400,-1.03,0.095,-0.121,-18.902,4.024,15.732,632.118,0.958,0.132,0.127,-14.146,55.488,37.195,1.774,-0.054,0.887,0.145,10.549,14.573,5.61,0,-0.396,0.13,-0.768,-11.707,1.402,-9.512,189.805,0.842,0.149,0.266,55.488,62.317,-10.976,160.704,-4,1,1,1,1,1,1,6,3,1,3
2018-07-06T11:45:31.634545,-1.023,0.121,-0.104,-2.012,2.5,21.89,632.118,0.958,0.132,0.127,-29.573,51.037,47.5,1.774,-0.004,0.902,0.085,-53.902,12.805,-1.89,0,-0.396,0.13,-0.768,-18.963,-26.524,-19.634,189.805,0.677,0.021,0.328,31.768,76.159,-16.159,160.704,-7,1,1,1,1,1,1,6,3,1,3
2018-07-06T11:45:31.700223,-1.038,0.054,-0.119,-2.866,7.5,22.805,632.118,0.938,0.122,0.245,-25.061,70.427,62.073,1.774,0.018,0.644,0.031,-48.476,20.366,-0.183,0,-0.313,0.157,-0.657,-14.817,-16.463,-15.061,189.805,0.677,0.021,0.328,-18.902,86.89,-25.793,160.704,11,1,1,1,1,1,1,6,3,1,3
2018-07-06T11:45:31.769911,-0.988,0.158,-0.183,16.159,-4.39,42.012,632.118,0.909,0.138,0.2,-56.951,54.207,64.024,1.774,-0.012,0.674,0.117,-15.61,-6.829,-11.28,0,-0.324,0.212,-0.665,-4.329,-39.634,-2.927,189.805,0.598,-0.035,0.272,-35.671,65.61,29.817,160.704,-53,1,1,1,1,1,1,6,3,1,3
2018-07-06T11:45:31.831079,-0.949,0.32,-0.142,1.707,-22.256,75.061,632.118,0.806,0.052,0.166,-41.463,107.805,81.463,1.774,0.065,0.532,0.17,-17.561,-6.646,-10.183,0,-0.201,0.189,-0.676,12.134,-20.61,-13.902,189.805,0.64,-0.21,-0.007,-82.256,11.402,49.634,160.704,-136,1,1,1,1,1,1,6,3,1,3
2018-07-06T11:45:31.899765,-0.949,0.32,-0.142,-3.232,-27.744,63.902,632.118,0.777,-0.207,0.179,-72.866,65,109.878,1.774,0.065,0.532,0.17,-21.463,-16.89,-4.939,0,-0.201,0.189,-0.676,-0.488,-30.061,-22.317,189.805,0.638,-0.426,-0.233,-120.793,-12.988,39.817,160.704,-52,1,1,1,1,1,1,6,3,1,3
2018-07-06T11:45:32.003547,-0.791,0.451,0.019,-19.939,-36.159,107.5,537.953,0.656,-0.154,0.431,-9.085,124.39,117.256,1.774,-0.126,0.766,0.606,-108.598,1.22,-17.744,12.206,0.121,0.293,-1.191,30.549,-46.768,-52.378,143.81,0.575,-0.392,-0.649,-115.183,-118.902,65.854,160.704,-596,1,1,0,1,1,1,6,3,1,3
2018-07-06T11:45:32.060702,-0.791,0.451,0.019,5.854,-31.829,152.927,537.953,0.082,-0.3,0.62,-5.732,172.378,140.793,1.774,-0.126,0.766,0.606,-155.854,13.354,-27.378,12.206,-0.02,-0.333,-1.063,30.854,-27.683,-105.549,143.81,0.645,1.841,2.92,-13.659,-94.024,30.671,160.704,-151,1,1,0,1,1,1,6,3,1,3
2018-07-06T11:45:32.110841,-0.736,0.621,0.279,47.5,-58.049,190.183,537.953,0.082,-0.3,0.62,-36.89,131.707,104.817,1.774,-0.106,0.803,0.606,-189.024,-6.28,-33.171,12.206,-0.02,-0.333,-1.063,-42.256,-54.451,-102.561,143.81,2.906,0.938,3.232,120.793,487.622,-333.293,160.704,756,1,1,0,1,1,1,6,3,1,3
2018-07-06T11:45:32.176014,-0.458,1.962,-0.395,106.829,-80.488,299.451,537.953,0.207,-0.309,0.337,-8.293,170.732,79.817,1.774,-0.106,1.043,2.6,-194.573,-65.061,-15.305,12.206,-1.369,-0.441,-0.768,-3.049,-118.963,21.341,143.81,2.906,0.938,3.232,270.061,438.963,-419.573,160.704,-1878,1,1,0,1,1,1,6,3,1,3
2018-07-06T11:45:32.230164,-0.589,2.97,-0.374,-47.439,-33.537,244.146,537.953,-0.497,-1.329,0.969,-56.402,73.232,17.866,1.774,-0.229,0.477,2.741,-317.927,-12.866,11.89,12.206,-2.58,0.044,0.176,-27.012,-212.805,35.61,143.81,-1.019,1.404,1.383,291.037,14.146,-447.195,160.704,2047,1,1,0,1,1,1,6,3,1,3
2018-07-06T11:45:32.289325,-0.589,2.97,-0.374,-151.402,-40.183,260.305,537.953,-0.668,-3.263,1.801,-296.463,-82.805,1.585,1.774,-0.229,0.477,2.741,-434.817,-33.171,-24.878,12.206,-2.58,0.044,0.176,61.037,-260.122,66.585,143.81,0.771,-0.083,0.66,-14.634,92.927,-143.659,160.704,753,1,1,0,1,1,1,6,3,1,3
2018-07-06T11:45:32.361520,-0.193,0.661,0.074,31.28,1.341,76.22,537.953,0.536,-1.105,0.78,6.768,-23.963,54.146,1.774,-0.229,-0.817,0.323,-121.585,27.256,20.793,12.206,-1.188,0.06,1.524,-113.293,-227.5,-19.573,143.81,0.042,-0.535,-1.821,40.305,332.744,-14.817,160.704,186,1,1,0,1,1,1,6,3,1,3
2018-07-06T11:45:32.420683,0.089,0.229,0.03,-145.427,22.256,56.768,537.953,0.536,-1.105,0.78,-55.244,20.183,52.073,1.774,-0.041,-0.323,0.169,-81.402,-16.159,25.488,12.206,-0.835,-0.195,1.092,-52.439,-100.244,-63.841,143.81,0.042,-0.535,-1.821,-142.073,161.829,247.256,160.704,-140,1,1,0,1,1,1,6,3,1,3
2018-07-06T11:45:32.510927,0.191,-0.129,0.198,-35.488,-0.061,45.366,537.953,0.095,-0.155,0.194,79.085,24.085,71.341,1.774,-0.004,-0.665,0.314,-30.976,9.024,-4.146,12.206,-0.746,-0.152,0.72,-11.89,-40.793,-7.5,143.81,-0.199,1.283,0.899,-132.988,-35.854,78.841,160.704,-2048,1,1,0,1,1,1,6,3,1,3
2018-07-06T11:45:32.575099,0.406,-0.169,0.158,-59.939,-15.061,31.585,537.953,-0.426,-0.166,0.096,-10.183,6.951,52.988,1.774,-0.034,-0.623,0.434,-3.902,2.866,-4.939,12.206,-0.767,-0.03,0.706,-14.207,-60.61,13.902,143.81,-0.199,1.283,0.899,-133.659,108.049,-19.329,160.704,-661,1,1,0,1,1,1,6,3,1,3
2018-07-06T11:45:32.630251,0.5,-0.257,-0.129,-43.049,-14.756,-2.073,537.953,-0.483,-0.375,0.099,-4.207,29.756,44.756,1.774,-0.034,-0.737,0.667,44.329,-25.549,-2.134,12.206,-0.713,-0.099,0.761,-12.073,-57.134,11.098,143.81,-0.407,0.565,-0.039,-23.72,8.476,8.841,160.704,2047,1,1,0,1,1,1,6,3,1,3
2018-07-06T11:45:32.699939,0.5,-0.257,-0.129,-2.988,-3.537,-33.293,537.953,-0.51,-0.464,0.239,20.183,17.805,13.293,1.774,-0.034,-0.737,0.667,93.476,-10.549,9.756,12.206,-0.646,-0.07,0.792,54.39,-4.207,-56.037,143.81,-0.259,1.043,0.556,-63.476,-96.951,46.524,160.704,-1276,1,1,0,1,1,1,6,3,1,3
2018-07-06T11:45:32.761606,0.632,-0.006,-0.046,-45.671,18.11,-97.988,537.953,-0.594,-0.849,0.36,26.768,3.049,-19.329,1.774,-0.057,-0.586,1.278,88.049,-8.598,-1.646,12.206,-0.646,-0.07,0.792,-19.695,-20.122,-3.963,143.81,-0.297,0.663,0.72,-0.732,-14.451,-11.829,160.704,-269,1,1,0,1,1,1,6,3,1,3
2018-07-06T11:45:32.820770,0.112,0.391,-0.072,-71.463,41.524,-127.317,537.953,-0.594,-0.849,0.36,49.756,-27.012,-57.195,1.774,-0.06,-0.624,1.279,70.183,-3.171,1.037,12.206,-0.652,-0.048,0.919,28.537,-11.463,9.512,143.81,-0.297,0.663,0.72,-38.415,-23.11,8.232,160.704,2047,1,1,0,1,1,1,6,3,1,3
2018-07-06T11:45:32.948115,-0.814,1.726,0.705,-96.037,99.695,-144.817,537.953,0.106,-0.346,0.666,-8.902,-123.659,-125.488,1.774,0.042,0.521,1.271,109.512,10.244,-1.22,12.206,-0.582,-0.128,0.436,-33.354,41.341,30.122,143.81,0.022,0.82,0.938,-28.841,19.878,29.878,160.704,-452,1,1,0,1,1,1,6,3,1,3
2018-07-06T11:45:33.004768,-0.873,3.385,1.71,21.28,-12.317,-37.988,537.953,1.654,-1.499,1.173,-21.28,-168.537,-136.402,2.323,0.042,0.521,1.271,35.976,29.756,-14.268,12.206,-0.582,-0.128,0.436,-17.439,74.329,23.232,143.81,0.399,0.251,1.104,43.963,1.768,27.256,251.697,-113,0,1,0,1,0,0,6,3,1,3
2018-07-06T11:45:33.045378,-0.141,0.39,0.381,-70.732,-35.183,19.451,537.953,1.654,-1.499,1.173,-98.537,-31.768,2.317,2.323,-0.265,0.292,1.588,-26.829,0.549,17.317,12.206,-0.68,0.08,-0.303,-42.622,107.012,9.817,143.81,0.399,0.251,1.104,17.317,25.183,26.28,251.697,2047,0,1,0,1,0,0,6,3,1,3
2018-07-06T11:45:33.100027,-0.141,0.39,0.381,-57.683,-14.207,13.049,537.953,0.524,-0.865,0.921,32.073,94.573,56.28,2.323,-0.265,0.292,1.588,-90.61,16.707,33.232,12.206,-1.211,-0.12,-0.028,17.744,23.841,-24.817,143.81,0.155,0.772,1.104,11.341,35.305,-52.012,251.697,1249,0,1,0,1,0,0,6,3,1,3
2018-07-06T11:45:33.162697,-0.303,-0.096,0.128,20,25.549,-16.829,537.953,0.056,-0.309,0.523,-14.451,-45.366,-18.293,2.323,-0.273,-0.246,0.521,21.28,3.72,4.878,12.206,-1.211,-0.12,-0.028,24.878,-56.707,-37.988,143.81,0.031,0.809,0.442,72.317,-3.11,-32.927,251.697,417,0,1,0,1,0,0,6,3,1,3
2018-07-06T11:45:33.219855,-0.454,0.81,0.542,24.756,26.524,-25.854,537.953,0.056,-0.309,0.523,9.268,-26.341,-23.11,2.323,-0.142,0.127,0.687,21.22,-11.098,-4.146,12.206,-0.979,-0.094,0.426,6.951,-137.866,-11.89,143.81,0.031,0.809,0.442,1.037,6.646,-14.024,251.697,170,0,1,0,1,0,0,6,3,1,3
2018-07-06T11:45:33.310101,-0.363,1.32,0.45,87.134,21.037,0.549,537.953,0.57,-0.827,0.772,16.22,4.512,-7.317,2.323,-0.023,-0.08,1.277,-1.951,-18.232,-21.951,12.206,-0.683,-0.208,0.67,-8.171,-100.854,9.573,143.81,-0.166,0.694,0.828,-35.183,-18.902,-3.78,251.697,74,0,1,0,1,0,0,6,3,1,11
2018-07-06T11:45:33.376278,-0.207,1.077,0.344,44.39,-1.037,11.402,537.953,0.57,-0.827,0.772,5.549,5.976,1.341,2.323,-0.011,-0.125,1.364,-5.854,-3.293,-8.232,12.206,-0.519,-0.101,0.953,53.476,-59.268,-23.171,143.81,-0.166,0.694,0.828,-0.061,5.183,-16.341,251.697,-99,0,1,0,1,0,0,6,3,1,11
2018-07-06T11:45:33.430428,-0.207,1.077,0.344,-2.378,-5.366,8.78,537.953,0.432,-1.028,0.667,-40.366,-6.402,8.293,2.323,-0.088,-0.25,0.892,-32.256,-14.146,6.402,12.206,-0.508,-0.08,0.944,-6.951,-56.707,5.61,143.81,-0.108,0.679,0.638,40.549,-1.159,-1.463,251.697,297,0,1,0,1,0,0,6,3,1,11
2018-07-06T11:45:33.499615,-0.254,0.828,0.271,1.22,-4.268,0.732,537.953,0.283,-0.781,0.573,-5.793,5.305,-8.841,2.323,-0.088,-0.25,0.892,4.756,3.049,6.646,12.206,-0.522,-0.128,0.845,-12.378,-31.646,3.232,143.81,-0.03,0.891,0.597,22.561,0.244,-1.524,251.697,-792,0,1,0,1,0,0,6,3,1,11
2018-07-06T11:45:33.560661,-0.282,0.861,0.226,0.427,4.085,-5.488,537.953,0.354,-0.564,0.598,11.159,-1.341,-13.293,2.323,-0.103,-0.069,0.765,16.037,15.305,-6.037,12.206,-0.522,-0.128,0.845,3.537,-18.415,-6.829,143.81,-0.054,0.812,0.676,-8.354,-5.244,-0.793,251.697,-1226,0,1,0,1,0,0,6,3,1,11
2018-07-06T11:45:33.619826,-0.272,1.029,0.253,-3.902,2.622,-0.549,537.953,0.354,-0.564,0.598,-15.183,-2.378,-3.476,2.323,-0.161,-0.02,1.132,9.817,9.39,-3.354,12.206,-0.468,-0.123,0.745,-6.585,-10.915,2.622,143.81,-0.054,0.812,0.676,-24.085,-0.305,-2.134,251.697,857,0,1,0,1,0,0,6,3,1,11
2018-07-06T11:45:33.700042,-0.296,0.982,0.37,-31.89,-3.598,7.805,537.953,0.427,-0.811,0.745,6.707,-7.988,4.634,2.323,-0.047,-0.156,1.282,-13.72,-18.902,3.902,12.206,-0.537,-0.089,0.747,8.476,-24.085,11.037,143.81,-0.097,0.694,0.784,-4.878,-1.524,0.793,251.697,1036,0,1,0,1,0,0,6,3,1,11
2018-07-06T11:45:33.773218,-0.287,0.773,0.405,-16.22,0.427,-5,537.953,0.427,-0.811,0.745,5.244,-13.232,0.427,2.323,-0.032,-0.104,0.983,7.012,0.671,3.537,12.206,-0.507,-0.075,0.887,-12.561,-32.561,6.341,143.81,-0.036,0.778,0.67,24.573,3.963,-3.415,251.697,-553,0,1,0,1,0,0,6,3,1,11
2018-07-06T11:45:33.829374,-0.287,0.773,0.405,-9.817,3.78,-9.085,537.953,0.476,-0.829,0.746,-12.5,-2.5,-3.598,2.323,-0.164,-0.061,0.898,1.951,19.451,0.305,12.206,-0.436,-0.162,0.896,-15.61,-34.878,7.5,143.81,-0.068,0.856,0.588,14.329,2.256,-1.28,251.697,-1896,0,1,0,1,0,0,6,3,1,11
2018-07-06T11:45:33.900065,-0.279,0.907,0.347,6.037,2.744,-3.232,537.953,0.345,-0.607,0.566,10.793,4.146,-0.732,2.323,-0.164,-0.061,0.898,-1.829,12.195,1.037,12.206,-0.317,-0.139,0.846,14.634,4.878,-23.049,143.81,-0.089,0.754,0.733,-13.841,-3.293,0.915,251.697,2047,0,1,0,1,0,0,6,3,1,11
2018-07-06T11:45:33.960472,-0.283,1.021,0.326,-4.207,-4.451,11.402,537.953,0.325,-0.597,0.65,12.256,3.415,1.341,2.323,-0.162,-0.112,1.1,-3.354,-10.671,-1.22,12.206,-0.317,-0.139,0.846,3.78,7.744,8.841,143.81,-0.083,0.772,0.698,-7.256,0.732,-0.732,251.697,1021,0,1,0,1,0,0,6,3,1,11
2018-07-06T11:45:34.020638,-0.264,0.852,0.373,-6.89,-3.659,8.72,887.836,0.41,-0.752,0.732,-0.488,-2.927,0.793,2.323,-0.074,-0.128,1.111,-2.805,-11.585,-0.488,12.088,-0.43,-0.085,0.905,10.366,-2.439,2.561,394.991,-0.083,0.772,0.698,-0.183,-1.89,0.122,251.697,221,0,1,0,1,0,0,6,3,1,11
2018-07-06T11:45:34.100353,-0.273,0.855,0.37,-0.305,4.39,-5.427,887.836,0.408,-0.76,0.66,-10.732,-5.915,1.037,2.323,-0.064,-0.109,1.023,1.768,0.976,0.366,12.088,-0.437,-0.088,0.896,-3.293,-2.622,-3.415,394.991,-0.062,0.787,0.667,-5.976,0.366,-0.793,251.697,-1218,0,1,0,1,0,0,6,3,1,11
2018-07-06T11:45:34.175055,-0.295,0.992,0.357,2.012,2.5,-1.951,887.836,0.384,-0.678,0.632,2.683,0.244,-2.805,2.323,-0.112,-0.077,1.012,3.659,5.427,0.305,12.088,-0.403,-0.114,0.82,-1.402,1.341,-0.793,394.991,-0.061,0.756,0.722,0.915,1.098,0.061,251.697,571,0,1,0,1,0,0,6,3,1,11
2018-07-06T11:45:34.230208,-0.295,0.992,0.357,0.122,-1.951,4.451,887.836,0.384,-0.678,0.632,0.305,-1.585,-1.707,2.323,-0.104,-0.098,1.05,-1.89,-3.963,0.366,12.088,-0.41,-0.094,0.828,1.524,-2.683,1.341,394.991,-0.073,0.768,0.698,-0.488,0.244,-0.061,251.697,-452,0,1,0,1,0,0,6,3,1,11
2018-07-06T11:45:34.310427,-0.268,0.887,0.347,-3.293,-1.524,4.207,887.836,0.388,-0.672,0.656,2.012,1.159,0.976,2.323,-0.085,-0.119,1.064,-0.366,-1.098,-0.122,12.088,-0.418,-0.087,0.901,4.207,-4.329,0.793,394.991,-0.077,0.77,0.7,0.61,-0.305,-0.366,251.697,-242,0,1,0,1,0,0,6,3,1,11
2018-07-06T11:45:34.361563,-0.265,0.881,0.367,1.524,1.707,-3.293,887.836,0.39,-0.722,0.669,-1.585,-1.341,0.976,2.323,-0.085,-0.119,1.064,2.195,2.073,0.305,12.088,-0.418,-0.087,0.901,1.829,-3.963,-1.037,394.991,-0.07,0.782,0.684,5.488,0.732,-0.061,251.697,116,0,1,0,1,0,0,6,3,1,11
2018-07-06T11:45:34.420726,-0.279,0.938,0.36,-0.122,1.463,-3.841,887.836,0.396,-0.723,0.672,1.159,-0.488,-1.22,2.323,-0.101,-0.1,1.054,2.317,3.232,0.854,12.088,-0.391,-0.121,0.903,-1.22,0.427,-0.549,394.991,-0.07,0.782,0.684,0.427,-0.061,0.366,251.697,560,0,1,0,1,0,0,6,3,1,11
2018-07-06T11:45:34.499939,-0.274,0.909,0.366,-4.39,0.488,-0.305,887.836,0.385,-0.687,0.663,0.061,-1.341,-1.037,2.323,-0.112,-0.102,1.022,0.427,0.549,0.488,12.088,-0.386,-0.115,0.845,0.976,-1.89,1.402,394.991,-0.068,0.77,0.7,0.671,0.488,0.366,251.697,-205,0,1,0,1,0,0,6,3,1,11
2018-07-06T11:45:34.573137,-0.277,0.897,0.365,0.305,0.305,0.854,887.836,0.376,-0.677,0.657,-0.915,-1.159,0.122,2.323,-0.102,-0.098,1.034,0.854,-1.037,0.244,12.088,-0.396,-0.093,0.863,2.073,-2.927,0.305,394.991,-0.077,0.779,0.687,3.354,0.61,-0.366,251.697,-74,0,1,0,1,0,0,6,3,1,11
2018-07-06T11:45:34.629292,-0.277,0.897,0.365,2.195,0.732,0.549,887.836,0.376,-0.677,0.657,-0.549,-1.159,-0.122,2.323,-0.093,-0.099,1.068,0.183,0.061,0.061,12.088,-0.405,-0.1,0.889,1.951,-1.341,-0.854,394.991,-0.068,0.777,0.69,-0.793,0.305,-0.366,251.697,75,0,1,0,1,0,0,6,3,1,11
2018-07-06T11:45:34.699483,-0.28,0.919,0.357,-0.854,0.549,0.671,887.836,0.4,-0.708,0.671,-2.073,-0.854,0.183,2.323,-0.093,-0.099,1.068,0.61,-0.244,-0.366,12.088,-0.395,-0.1,0.884,1.341,-3.11,1.768,394.991,-0.066,0.768,0.696,-0.061,-0.122,0.671,251.697,185,0,1,0,1,0,0,6,3,1,11
2018-07-06T11:45:34.761272,-0.273,0.91,0.363,-2.195,0.61,0.122,887.836,0.4,-0.717,0.663,-1.89,-2.012,0.183,2.323,-0.09,-0.104,1.049,0.732,0.061,0.793,12.088,-0.374,-0.099,0.871,0.549,-1.341,0.244,394.991,-0.075,0.786,0.683,1.524,0.732,0.305,251.697,-165,0,1,0,1,0,0,6,3,1,11
2018-07-06T11:45:34.820436,-0.271,0.909,0.365,-1.524,0.427,-0.305,887.836,0.387,-0.7,0.658,1.28,-0.488,-0.549,2.323,-0.103,-0.103,1.026,0.671,1.402,0.427,12.088,-0.374,-0.099,0.871,0.549,-2.683,1.098,394.991,-0.075,0.786,0.683,0,0.244,0.122,251.697,224,0,1,0,1,0,0,6,3,1,11
2018-07-06T11:45:34.900652,-0.274,0.907,0.36,0.061,0.427,0.183,887.836,0.381,-0.684,0.661,0.244,-0.122,-0.305,2.323,-0.106,-0.103,1.045,0.244,0.366,0.366,12.088,-0.378,-0.104,0.882,1.402,-3.476,-0.732,394.991,-0.077,0.776,0.688,-0.976,0.549,-0.244,251.697,109,0,1,0,1,0,0,6,3,1,11
2018-07-06T11:45:34.973851,-0.279,0.913,0.366,-0.854,0.549,0.122,887.836,0.393,-0.702,0.668,-1.707,-1.037,0,2.323,-0.096,-0.101,1.061,0.671,-0.61,0.244,12.088,-0.382,-0.097,0.884,1.159,-0.549,2.073,394.991,-0.064,0.765,0.701,1.159,0.366,-0.122,251.697,213,0,1,0,1,0,0,6,3,1,11
2018-07-06T11:45:35.030006,-0.279,0.913,0.366,-1.159,0.61,-0.122,887.836,0.393,-0.702,0.668,-0.854,-1.28,-0.305,2.323,-0.101,-0.1,1.04,0.61,0.915,0.488,12.088,-0.378,-0.098,0.888,-0.244,-0.122,1.159,394.991,-0.071,0.781,0.685,4.329,0.366,-0.061,253.652,43,1,1,0,1,0,0,6,3,1,11
2018-07-06T11:45:35.099694,-0.274,0.909,0.366,-0.793,0.488,0.183,887.836,0.399,-0.71,0.67,0.427,-0.671,-0.549,2.323,-0.101,-0.1,1.04,0.244,1.28,0.427,12.088,-0.375,-0.104,0.886,-0.732,1.098,0.183,394.991,-0.078,0.782,0.686,-0.366,0.427,0,253.652,1,1,1,0,1,0,0,6,3,1,11
2018-07-06T11:45:35.160029,-0.271,0.904,0.36,-0.183,0.488,0.488,887.836,0.384,-0.689,0.663,-0.305,-0.854,-0.061,2.323,-0.106,-0.104,1.032,0.915,-0.61,0.305,12.088,-0.375,-0.098,0.877,2.256,-0.122,0.183,394.991,-0.071,0.772,0.694,-0.061,0.183,0.122,253.652,157,1,1,0,1,0,0,6,3,1,11
2018-07-06T11:45:35.220195,-0.276,0.915,0.366,-0.61,0.793,-0.122,887.836,0.386,-0.694,0.659,-0.122,-0.793,-0.305,2.323,-0.097,-0.102,1.052,0.488,-0.671,0.305,12.088,-0.375,-0.098,0.877,1.098,-0.61,1.585,394.991,-0.071,0.772,0.694,-0.061,0.183,-0.122,253.652,17,1,1,0,1,0,0,6,3,1,11
2018-07-06T11:45:35.300412,-0.276,0.905,0.366,-0.366,0.183,0.244,887.836,0.396,-0.709,0.667,-1.341,-0.976,0,2.323,-0.098,-0.103,1.049,0.549,0.183,0.488,12.088,-0.383,-0.094,0.887,-0.183,-0.549,-0.732,394.991,-0.069,0.776,0.69,1.037,0.549,0,253.652,132,1,1,0,1,0,0,6,3,1,11
2018-07-06T11:45:35.369598,-0.274,0.91,0.359,1.585,0.732,-0.244,887.836,0.389,-0.696,0.665,-0.732,-0.549,-0.427,2.323,-0.103,-0.101,1.038,0.915,-0.061,0.549,12.088,-0.373,-0.101,0.886,0.671,-0.976,0.732,394.991,-0.073,0.78,0.685,0.976,-0.061,0.244,253.652,-121,1,1,0,1,0,0,6,3,1,11
2018-07-06T11:45:35.429763,-0.274,0.91,0.359,1.341,0.671,-0.061,887.836,0.389,-0.696,0.665,-0.305,0.244,-0.549,2.323,-0.102,-0.101,1.042,0.671,0.061,0.488,12.088,-0.374,-0.097,0.882,1.159,-0.122,0.305,394.991,-0.074,0.779,0.685,-0.549,0.305,0.244,253.652,201,1,1,0,1,0,0,6,3,1,11
2018-07-06T11:45:35.503965,-0.274,0.918,0.361,-2.012,0.244,0.793,887.836,0.388,-0.693,0.663,-0.488,-0.549,-0.549,2.323,-0.098,-0.104,1.052,0.061,-0.061,0.244,12.088,-0.369,-0.096,0.877,0.976,-0.976,0.122,394.991,-0.072,0.775,0.694,0.305,0.183,-0.122,253.652,-103,1,1,0,1,0,0,6,3,1,11
2018-07-06T11:45:35.563124,-0.273,0.902,0.363,-0.122,0.488,0.244,887.836,0.391,-0.699,0.668,-0.366,-0.793,0,2.323,-0.098,-0.104,1.052,0.549,0.061,0.305,12.088,-0.373,-0.098,0.895,0.122,-0.488,0.793,394.991,-0.071,0.782,0.683,1.646,0.488,0.183,253.652,38,1,1,0,1,0,0,6,3,1,11
2018-07-06T11:45:35.672421,-0.275,0.919,0.363,0.305,0.244,0.671,887.836,0.39,-0.699,0.666,-0.427,-0.549,-0.671,2.323,-0.1,-0.1,1.042,0.793,0.488,0.366,12.088,-0.373,-0.101,0.89,-0.427,1.463,0.305,394.991,-0.071,0.78,0.684,0.488,0.549,0.061,253.652,130,1,1,0,1,0,0,6,3,1,11
2018-07-06T11:45:35.717547,-0.271,0.906,0.356,-1.341,0.244,0.61,887.836,0.39,-0.699,0.666,0.305,-0.061,-0.549,2.323,-0.1,-0.1,1.042,0.366,0.427,0.305,12.088,-0.374,-0.096,0.876,0.854,0.976,0.244,394.991,-0.071,0.78,0.684,0.732,0.122,0.122,253.652,229,1,1,0,1,0,0,6,3,1,11
2018-07-06T11:45:35.770689,-0.275,0.914,0.362,0.122,0.976,-0.671,887.836,0.389,-0.697,0.665,-0.793,-1.524,-0.122,2.323,-0.1,-0.102,1.047,0.488,-0.183,0.427,12.088,-0.374,-0.096,0.876,0.61,1.037,0.122,394.991,-0.073,0.779,0.687,1.768,0.366,0,253.652,34,1,1,0,1,0,0,6,3,1,11
2018-07-06T11:45:35.829851,-0.275,0.914,0.362,0.488,0.427,0.183,887.836,0.392,-0.698,0.669,-0.427,-0.366,-0.366,2.323,-0.1,-0.101,1.044,0.732,0,0.366,12.088,-0.375,-0.097,0.888,0.915,-0.305,0.427,394.991,-0.071,0.785,0.68,1.159,0.61,0,253.652,-13,1,1,0,1,0,0,6,3,1,11
2018-07-06T11:45:35.900041,-0.272,0.914,0.359,-1.28,0.549,0.061,887.836,0.392,-0.698,0.669,-0.122,-0.366,-0.61,2.323,-0.1,-0.101,1.044,0.122,0.427,0,12.088,-0.37,-0.097,0.892,0.183,-0.854,0,394.991,-0.073,0.78,0.684,-0.427,0.366,0.183,253.652,74,1,1,0,1,0,0,6,3,1,11
2018-07-06T11:45:35.959202,-0.271,0.907,0.36,0,0.732,-0.244,887.836,0.389,-0.699,0.669,-0.793,-0.793,-0.061,2.323,-0.099,-0.104,1.043,0.61,-0.183,0.427,12.088,-0.37,-0.101,0.882,-0.061,0.244,-0.122,394.991,-0.073,0.78,0.684,1.22,0.183,0.061,253.652,234,1,1,0,1,0,0,6,3,1,11
2018-07-06T11:45:36.019367,-0.271,0.915,0.36,-0.366,0.61,0.183,915.83,0.386,-0.694,0.667,-0.732,-0.305,-0.244,2.323,-0.099,-0.1,1.046,0.793,-0.122,0.244,11.495,-0.37,-0.101,0.882,0.915,0.366,0.61,410.888,-0.07,0.783,0.684,1.646,0.122,0.183,253.652,-135,1,1,0,1,1,0,6,3,1,11
2018-07-06T11:45:36.102591,-0.273,0.907,0.361,-0.732,0.671,-0.244,915.83,0.392,-0.7,0.67,-0.244,-1.098,-0.427,2.323,-0.099,-0.104,1.048,0.122,-0.061,0.671,11.495,-0.37,-0.1,0.887,0.427,-0.305,-0.549,410.888,-0.074,0.788,0.679,-0.305,0.488,0,253.652,156,1,1,0,1,1,0,6,3,1,11
2018-07-06T11:45:36.170776,-0.273,0.907,0.361,0.305,0.366,0.366,915.83,0.388,-0.696,0.667,-0.854,-0.793,-0.122,2.323,-0.102,-0.101,1.043,0.854,0.061,0.183,11.495,-0.368,-0.096,0.884,0.915,0.732,0.976,410.888,-0.071,0.782,0.684,0.732,0.61,0.549,253.652,3,1,1,0,1,1,0,6,3,1,11
2018-07-06T11:45:36.233949,-0.273,0.916,0.359,-1.524,0.793,-0.061,915.83,0.39,-0.696,0.669,0.488,-0.915,-0.488,2.323,-0.099,-0.103,1.043,0.183,0.122,0.366,11.495,-0.368,-0.099,0.891,0.244,1.524,0.61,410.888,-0.071,0.785,0.678,-0.061,0.732,0.427,253.652,120,1,1,0,1,1,0,6,3,1,11
2018-07-06T11:45:36.301634,-0.272,0.909,0.361,-0.549,0.549,0.122,915.83,0.39,-0.696,0.669,-0.427,-1.159,-0.122,2.323,-0.099,-0.104,1.044,0.793,0.366,0.305,11.495,-0.372,-0.1,0.888,0.244,1.829,0.976,410.888,-0.072,0.782,0.683,-0.61,0.488,0.61,253.652,153,1,1,0,1,1,0,6,3,1,11
2018-07-06T11:45:36.360292,-0.272,0.909,0.358,0.244,0.488,0,915.83,0.387,-0.695,0.669,-0.854,-1.037,0,2.323,-0.099,-0.104,1.044,0.976,-0.061,0.427,11.495,-0.373,-0.096,0.881,0.732,1.89,0.366,410.888,-0.072,0.782,0.683,-0.366,0.793,0.732,253.652,-60,1,1,0,1,1,0,6,3,1,11
2018-07-06T11:45:36.420457,-0.273,0.917,0.361,-0.976,0.793,-0.122,915.83,0.387,-0.694,0.667,-0.427,-0.549,-0.488,2.323,-0.101,-0.101,1.047,0.671,-0.427,0.427,11.495,-0.373,-0.096,0.881,0.793,1.341,0.366,410.888,-0.072,0.781,0.684,-0.305,0.549,0.976,253.652,45,1,1,0,1,1,0,6,3,1,11
2018-07-06T11:45:36.505687,-0.272,0.906,0.361,-0.793,0.427,0.183,915.83,0.392,-0.7,0.672,-1.22,-1.098,0,2.323,-0.099,-0.104,1.044,0.488,0.427,0.366,11.495,-0.374,-0.098,0.887,0.122,0.244,-0.061,410.888,-0.069,0.785,0.68,0.915,0.732,0.122,253.652,117,1,1,0,1,1,0,6,3,1,11
2018-07-06T11:45:36.569858,-0.272,0.906,0.361,-0.061,0.488,0.122,915.83,0.388,-0.696,0.667,-0.549,-0.793,0,2.323,-0.101,-0.104,1.043,0.915,0.183,0.366,11.495,-0.373,-0.1,0.888,0.61,2.378,-0.061,410.888,-0.073,0.785,0.682,-2.073,0.732,0.122,253.652,-30,1,1,0,1,1,0,6,3,1,11
2018-07-06T11:45:36.628515,-0.272,0.912,0.358,-1.098,0.793,-0.366,915.83,0.387,-0.695,0.668,-0.549,-0.549,-0.427,2.323,-0.099,-0.102,1.047,0.915,0.061,0.488,11.495,-0.374,-0.098,0.883,0.366,1.28,0.305,410.888,-0.072,0.78,0.685,-1.89,0.549,0.305,253.652,-360,1,1,0,1,1,0,6,3,1,11
2018-07-06T11:45:36.705220,-0.273,0.913,0.363,-0.305,0.488,-0.122,915.83,0.39,-0.699,0.668,-1.22,-1.037,-0.305,2.323,-0.101,-0.101,1.042,0.976,0.244,0.427,11.495,-0.382,-0.097,0.885,0.915,1.22,0.305,410.888,-0.069,0.778,0.686,-1.829,0.122,0.854,253.652,211,1,1,0,1,1,0,6,3,1,11
2018-07-06T11:45:36.759866,-0.273,0.91,0.36,-0.366,0.427,0.122,915.83,0.39,-0.699,0.668,-1.402,-0.976,-0.061,2.323,-0.101,-0.101,1.042,1.159,0.427,0.549,11.495,-0.373,-0.094,0.881,0.61,-0.61,-1.098,410.888,-0.069,0.778,0.686,-1.159,0.122,1.098,253.652,52,1,1,0,1,1,0,6,3,1,11
2018-07-06T11:45:36.819027,-0.274,0.915,0.361,-0.488,0.671,0,915.83,0.388,-0.694,0.668,0,-0.732,-0.366,2.323,-0.101,-0.099,1.049,0.427,0.183,0.244,11.495,-0.373,-0.094,0.881,1.037,1.28,0.671,410.888,-0.071,0.776,0.689,0.488,0.305,0.305,253.652,76,1,1,0,1,1,0,6,3,1,11
2018-07-06T11:45:36.901013,-0.271,0.911,0.361,-0.549,0.488,0.305,915.83,0.39,-0.694,0.67,0.244,-1.037,-0.488,2.323,-0.099,-0.104,1.044,0.488,0.122,0.305,11.495,-0.376,-0.096,0.881,0.488,0.366,0.244,410.888,-0.069,0.782,0.684,0.427,0.305,0.305,253.652,-114,1,1,0,1,1,0,6,3,1,11
2018-07-06T11:45:36.970198,-0.271,0.911,0.361,-0.427,0.549,-0.061,915.83,0.387,-0.699,0.669,0.183,-0.854,-0.366,2.323,-0.101,-0.104,1.042,0.61,0.244,0.244,11.495,-0.375,-0.101,0.893,0.061,1.037,0.488,410.888,-0.07,0.779,0.685,-0.061,0,0.122,253.652,413,1,1,0,1,1,0,6,3,1,11
2018-07-06T11:45:37.078492,-0.278,0.916,0.363,-0.854,0.854,-0.61,915.83,0.384,-0.693,0.666,0.061,-0.854,-0.61,2.323,-0.1,-0.098,1.048,0.671,-0.366,0.305,11.495,-0.382,-0.094,0.876,1.22,1.707,0.305,410.888,-0.067,0.778,0.689,-0.244,0.061,0.305,253.652,145,1,1,0,1,1,0,6,3,1,11
2018-07-06T11:45:37.147682,-0.272,0.908,0.361,-0.549,0.061,0.854,915.83,0.394,-0.696,0.671,-1.585,-1.159,-0.122,2.323,-0.1,-0.1,1.047,0.305,0.061,0.305,11.495,-0.377,-0.097,0.891,0.61,-0.366,-0.61,410.888,-0.068,0.78,0.688,1.037,0.305,0,253.652,20,1,1,0,1,1,0,6,3,1,11
2018-07-06T11:45:37.200828,-0.272,0.908,0.361,-0.061,0.427,0.366,915.83,0.391,-0.697,0.668,0.427,-0.915,-0.488,2.323,-0.1,-0.104,1.042,0.549,0.061,0.244,11.495,-0.377,-0.097,0.891,0.732,-0.122,-0.366,410.888,-0.071,0.78,0.684,0.122,0.122,0.183,253.652,83,1,1,0,1,1,0,6,3,1,11
2018-07-06T11:45:37.258983,-0.271,0.91,0.359,-0.549,0.854,-0.305,915.83,0.386,-0.695,0.667,-0.854,-0.915,-0.183,2.323,-0.1,-0.104,1.042,0.488,0.183,0.122,11.495,-0.376,-0.097,0.886,0.671,-0.061,0,410.888,-0.07,0.777,0.689,-0.549,0.366,0.183,253.652,198,1,1,0,1,1,0,6,3,1,11
2018-07-06T11:45:37.304109,-0.276,0.913,0.362,-0.915,0.427,0.061,915.83,0.386,-0.695,0.667,-0.793,-1.159,-0.183,2.323,-0.099,-0.103,1.045,0.793,-0.244,0.488,11.495,-0.375,-0.095,0.878,0.793,-1.037,-0.122,410.888,-0.07,0.777,0.689,0.122,0.671,0.061,253.652,-77,1,1,0,1,1,0,6,3,1,11
2018-07-06T11:45:37.370285,-0.276,0.913,0.362,-0.915,0.427,0.122,915.83,0.389,-0.697,0.669,-0.122,-0.915,-0.488,2.323,-0.1,-0.097,1.042,0.671,0,0.244,11.495,-0.375,-0.095,0.878,1.524,-0.854,0.427,410.888,-0.067,0.78,0.687,0.427,0.488,0,253.652,45,1,1,0,1,1,0,6,3,1,11
2018-07-06T11:45:37.430451,-0.275,0.907,0.363,-0.305,0.793,-0.122,915.83,0.392,-0.693,0.67,-1.22,-1.341,-0.183,2.323,-0.1,-0.102,1.045,0.061,0.244,0.427,11.495,-0.378,-0.095,0.887,0.793,-1.524,-1.037,410.888,-0.067,0.78,0.687,0.61,0.549,-0.122,253.652,27,1,1,0,1,1,0,6,3,1,11
2018-07-06T11:45:37.502648,-0.274,0.914,0.362,-0.488,0.061,1.22,915.83,0.389,-0.693,0.667,-0.427,-0.915,-0.061,2.323,-0.098,-0.103,1.048,0.366,0.061,0.061,11.495,-0.368,-0.095,0.884,0.793,0.366,0.549,410.888,-0.07,0.776,0.687,0.366,0.427,0.122,253.652,471,1,1,0,1,1,0,6,3,1,11
2018-07-06T11:45:37.594897,-0.27,0.908,0.36,-0.427,1.037,-0.61,915.83,0.391,-0.701,0.671,1.037,-0.976,-0.427,2.323,-0.098,-0.105,1.041,0.549,0.183,0.488,11.495,-0.366,-0.095,0.89,0.671,-0.976,0.061,410.888,-0.071,0.784,0.681,1.098,0.61,-0.122,253.652,-193,1,1,0,1,1,0,6,3,1,11
2018-07-06T11:45:37.649044,-0.274,0.911,0.361,-0.061,0.854,-0.549,915.83,0.385,-0.694,0.665,-1.89,-1.098,-0.061,2.323,-0.098,-0.105,1.041,0.671,0.244,0.488,11.495,-0.372,-0.094,0.891,0.244,0.671,0.976,410.888,-0.071,0.784,0.681,-0.671,0.488,0.122,253.652,-5,1,1,0,1,1,0,6,3,1,11
2018-07-06T11:45:37.704193,-0.275,0.913,0.36,-0.793,0.488,0.183,915.83,0.385,-0.694,0.665,-1.159,-0.854,-0.183,2.323,-0.102,-0.099,1.044,0.854,0.244,0.366,11.495,-0.374,-0.092,0.88,0.244,0.61,0.427,410.888,-0.069,0.777,0.688,-0.122,0.366,0.122,253.652,-5,1,1,0,1,1,0,6,3,1,11
2018-07-06T11:45:37.770373,-0.275,0.913,0.36,-1.098,0.671,-0.122,915.83,0.39,-0.693,0.666,-0.488,-1.22,-0.305,2.323,-0.1,-0.1,1.051,0.183,-0.244,0.427,11.495,-0.374,-0.092,0.88,0.244,1.098,0.671,410.888,-0.067,0.777,0.688,0.061,0.244,0.122,253.652,112,1,1,0,1,1,0,6,3,1,11
2018-07-06T11:45:37.829535,-0.274,0.911,0.364,-0.122,0.427,0.305,915.83,0.393,-0.698,0.673,-0.915,-1.037,-0.122,2.323,-0.099,-0.104,1.041,0.427,0.183,0.244,11.495,-0.372,-0.094,0.887,0.549,-0.671,-0.183,410.888,-0.071,0.781,0.685,1.341,0.244,0.061,253.652,136,1,1,0,1,1,0,6,3,1,11
2018-07-06T11:45:37.901728,-0.271,0.909,0.359,0.671,0.488,0.244,915.83,0.387,-0.693,0.669,-0.61,-0.854,-0.183,2.323,-0.101,-0.105,1.042,0.488,0.061,0.427,11.495,-0.367,-0.096,0.89,0,0.549,-0.488,410.888,-0.071,0.781,0.686,-0.427,0.549,0.122,253.652,58,1,1,0,1,1,0,6,3,1,11
2018-07-06T11:45:37.960891,-0.273,0.913,0.36,-0.61,0.61,0,915.83,0.386,-0.693,0.668,-0.427,-0.793,-0.183,2.323,-0.101,-0.105,1.042,0.671,-0.122,0.427,11.495,-0.37,-0.096,0.882,0.366,0.61,0.427,410.888,-0.071,0.781,0.686,-0.854,0.305,0.244,253.652,-100,1,1,0,1,1,0,6,3,1,11
2018-07-06T11:45:38.020054,-0.273,0.913,0.36,-0.61,0.488,0.061,918.154,0.386,-0.693,0.668,-0.61,-0.976,-0.305,2.323,-0.099,-0.101,1.047,0.549,-0.183,0.366,11.495,-0.366,-0.095,0.883,0.366,-1.463,0.061,421.768,-0.068,0.777,0.686,1.159,0.488,0.122,253.652,-34,1,1,0,1,1,0,6,3,1,11
2018-07-06T11:45:38.105785,-0.274,0.911,0.358,0.061,0.549,0.122,918.154,0.391,-0.698,0.669,-0.671,-1.037,-0.183,2.323,-0.1,-0.101,1.046,0.732,0.305,0.427,11.495,-0.366,-0.095,0.883,0.305,1.341,0.915,421.768,-0.07,0.781,0.686,-0.793,0.305,0.183,253.652,82,1,1,0,1,1,0,6,3,1,11
2018-07-06T11:45:38.169457,-0.274,0.911,0.358,-0.366,0.427,0.549,918.154,0.39,-0.696,0.669,-0.61,-0.671,-0.244,2.323,-0.099,-0.102,1.044,0.183,0.244,0.183,11.495,-0.366,-0.095,0.883,0.549,1.28,1.463,421.768,-0.07,0.779,0.688,1.037,0.244,0,253.652,-18,1,1,0,1,1,0,6,3,1,11
2018-07-06T11:45:38.233634,-0.27,0.913,0.362,-0.671,0.61,0.122,918.154,0.389,-0.696,0.669,0.183,-1.098,-0.488,2.323,-0.097,-0.106,1.043,0.427,-0.061,0.427,11.495,-0.366,-0.098,0.89,-0.061,0.061,0.244,421.768,-0.071,0.782,0.683,-0.122,0.488,0.061,253.652,186,1,1,0,1,1,0,6,3,1,11
2018-07-06T11:45:38.289783,-0.272,0.908,0.36,-0.854,0.488,0.122,918.154,0.387,-0.695,0.669,-1.159,-1.037,0,2.323,-0.097,-0.106,1.043,0.488,0.244,0.427,11.495,-0.371,-0.098,0.892,0.427,1.646,0.427,421.768,-0.071,0.782,0.683,-0.549,0.549,0.183,253.652,97,1,1,0,1,1,0,6,3,1,11
2018-07-06T11:45:38.398077,-0.274,0.915,0.359,-0.793,0.671,-0.183,918.154,0.388,-0.694,0.667,-0.61,-0.793,-0.305,2.323,-0.101,-0.1,1.048,0.366,-0.183,0.366,11.495,-0.372,-0.094,0.88,0.427,1.159,0.488,421.768,-0.07,0.778,0.688,0.122,0.305,0.122,253.652,34,1,1,0,1,1,0,6,3,1,11
2018-07-06T11:45:38.435182,-0.274,0.912,0.362,-0.976,0.488,0.305,918.154,0.392,-0.696,0.673,-0.366,-1.159,-0.366,2.323,-0.101,-0.1,1.048,0.732,-0.244,0.366,11.495,-0.373,-0.095,0.886,0.427,0.793,-0.061,421.768,-0.07,0.778,0.688,1.28,0.488,0.061,253.652,-49,1,1,0,1,1,0,6,3,1,11
2018-07-06T11:45:38.503364,-0.274,0.912,0.362,-0.549,0.366,0.488,918.154,0.392,-0.696,0.673,-0.366,-0.793,-0.366,2.323,-0.099,-0.104,1.043,0.305,0,0.305,11.495,-0.371,-0.099,0.891,0.122,1.159,-0.244,421.768,-0.071,0.782,0.683,-0.122,0.427,0.122,253.652,88,1,1,0,1,1,0,6,3,1,11
2018-07-06T11:45:38.570548,-0.269,0.908,0.358,0.183,0.549,0.061,918.154,0.388,-0.695,0.668,-0.793,-0.732,-0.183,2.323,-0.099,-0.106,1.044,0.732,0.122,0.305,11.495,-0.371,-0.099,0.891,0.122,1.037,-0.183,421.768,-0.073,0.781,0.687,0.183,0.305,0.061,253.652,1,1,1,0,1,1,0,6,3,1,11
2018-07-06T11:45:38.630715,-0.271,0.912,0.358,-0.427,0.549,-0.061,918.154,0.385,-0.695,0.668,-0.671,-0.549,-0.366,2.323,-0.098,-0.102,1.046,0.488,-0.305,0.305,11.495,-0.369,-0.099,0.881,0.366,0.183,0.366,421.768,-0.069,0.779,0.685,-0.183,0.427,0.122,253.652,20,1,1,0,1,1,0,6,3,1,11
2018-07-06T11:45:38.699899,-0.274,0.912,0.36,-0.854,0.671,-0.122,918.154,0.389,-0.697,0.67,-0.793,-0.732,-0.244,2.323,-0.098,-0.102,1.044,0.366,0.122,0.427,11.495,-0.377,-0.096,0.888,0.549,0.122,-0.549,421.768,-0.069,0.781,0.685,0.732,0.366,0.122,253.652,91,1,1,0,1,1,0,6,3,1,11
2018-07-06T11:45:38.760064,-0.273,0.911,0.36,-0.488,0.549,0.183,918.154,0.39,-0.695,0.669,-0.732,-0.976,-0.183,2.323,-0.098,-0.102,1.044,0.061,0.244,0.427,11.495,-0.369,-0.097,0.882,0.061,0.732,-0.122,421.768,-0.069,0.781,0.685,0.732,0.366,0.122,253.652,164,1,1,0,1,1,0,6,3,1,11
2018-07-06T11:45:38.819725,-0.273,0.911,0.36,-0.244,0.244,0.793,918.154,0.39,-0.695,0.669,-0.854,-0.854,0.122,2.323,-0.099,-0.102,1.048,0.488,-0.061,0.183,11.495,-0.371,-0.098,0.886,0.976,1.159,1.341,421.768,-0.071,0.78,0.687,0.366,0.366,0.061,253.652,36,1,1,0,1,1,0,6,3,1,11
2018-07-06T11:45:38.901437,-0.271,0.911,0.359,-0.305,0.854,-0.244,918.154,0.39,-0.695,0.672,0.915,-0.671,-0.488,2.323,-0.097,-0.108,1.045,0.671,0.244,0.427,11.495,-0.373,-0.1,0.894,0.122,1.159,0.305,421.768,-0.072,0.783,0.682,-0.061,0.427,0.183,253.652,205,1,1,0,1,1,0,6,3,1,11
2018-07-06T11:45:38.969624,-0.27,0.911,0.36,-0.793,0.488,-0.183,918.154,0.386,-0.698,0.669,-1.402,-1.037,-0.061,2.323,-0.099,-0.103,1.043,1.28,0.427,0.427,11.495,-0.373,-0.1,0.894,0.61,1.22,0.915,421.768,-0.069,0.781,0.684,-0.488,0.305,0.305,253.652,35,1,1,0,1,1,0,6,3,1,11
2018-07-06T11:45:39.030792,-0.274,0.911,0.358,-0.549,0.793,-0.427,918.154,0.386,-0.694,0.668,-0.305,-0.793,-0.549,2.323,-0.101,-0.099,1.048,0.549,-0.183,0.427,11.495,-0.376,-0.095,0.879,0.671,2.012,0.244,421.768,-0.069,0.777,0.689,-0.854,0.244,0.183,253.652,117,1,1,0,1,1,0,6,3,1,11
2018-07-06T11:45:39.098975,-0.275,0.914,0.362,-0.671,0.549,0.244,918.154,0.393,-0.694,0.672,-1.037,-1.037,-0.244,2.323,-0.097,-0.102,1.043,0.793,-0.061,0.244,11.495,-0.38,-0.095,0.881,0.854,0.183,-0.061,421.768,-0.069,0.777,0.689,0.61,0.305,0.061,253.652,10,1,1,0,1,1,0,6,3,1,11
2018-07-06T11:45:39.163152,-0.269,0.909,0.358,0.305,0.488,0.305,918.154,0.39,-0.695,0.67,-0.183,-1.037,-0.305,2.323,-0.097,-0.102,1.043,0.488,0,0.305,11.495,-0.373,-0.099,0.892,0.732,-0.061,-0.122,421.768,-0.072,0.782,0.683,-0.671,0.183,0.244,253.652,119,1,1,0,1,1,0,6,3,1,11
2018-07-06T11:45:39.219303,-0.269,0.909,0.358,-0.122,0.671,-0.061,918.154,0.39,-0.695,0.67,0,-0.61,-0.244,2.323,-0.098,-0.105,1.043,0.732,0.366,0.427,11.495,-0.372,-0.098,0.881,0.732,0.976,0.061,421.768,-0.069,0.778,0.689,-0.183,0.183,0.244,253.652,152,1,1,0,1,1,0,6,3,1,11
2018-07-06T11:45:39.301526,-0.271,0.915,0.359,-1.402,0.549,-0.183,918.154,0.388,-0.696,0.671,-0.061,-0.671,-0.305,2.323,-0.099,-0.103,1.047,0.793,0.183,0.244,11.495,-0.38,-0.093,0.886,1.159,0.732,0,421.768,-0.069,0.777,0.688,-0.671,0.366,0.183,253.652,129,1,1,0,1,1,0,6,3,1,11
2018-07-06T11:45:39.371717,-0.274,0.908,0.362,-0.366,0.549,-0.061,918.154,0.388,-0.696,0.671,-0.549,-1.098,-0.305,2.323,-0.101,-0.1,1.043,1.037,-0.305,0.488,11.495,-0.375,-0.095,0.883,0.122,0.061,-1.28,421.768,-0.069,0.778,0.687,-0.488,0.427,0.183,253.652,322,1,1,0,1,1,0,6,3,1,11
2018-07-06T11:45:39.430879,-0.273,0.912,0.36,-0.183,0.671,-0.183,918.154,0.39,-0.694,0.673,-0.061,-0.549,-0.488,2.323,-0.099,-0.101,1.046,0.488,0.488,0.183,11.495,-0.375,-0.095,0.883,0.427,1.402,0.671,421.768,-0.067,0.772,0.692,-0.976,0.061,0.305,253.652,192,1,1,0,1,1,0,6,3,1,11
2018-07-06T11:45:39.500064,-0.271,0.913,0.36,-0.366,0.183,0.61,918.154,0.39,-0.693,0.671,-0.732,-1.098,-0.305,2.323,-0.098,-0.104,1.043,0.244,-0.549,0.366,11.495,-0.377,-0.097,0.878,-0.244,0.488,0.61,421.768,-0.067,0.772,0.692,1.341,0.305,-0.061,253.652,197,1,1,0,1,1,0,6,3,1,11
2018-07-06T11:45:39.577275,-0.271,0.908,0.36,-0.549,0.793,-0.244,918.154,0.39,-0.698,0.672,0,-0.793,-0.488,2.323,-0.099,-0.105,1.043,0.488,0.488,0.244,11.495,-0.376,-0.102,0.89,0.793,1.037,0.915,421.768,-0.071,0.784,0.683,-0.427,0.366,0.305,253.652,148,1,1,0,1,1,0,6,3,1,11
2018-07-06T11:45:39.626411,-0.271,0.908,0.36,-0.427,0.732,-0.244,918.154,0.385,-0.693,0.669,-1.89,-1.22,0.122,2.323,-0.099,-0.105,1.043,1.098,0.183,0.427,11.495,-0.38,-0.096,0.885,0.854,-0.122,0.915,421.768,-0.069,0.775,0.691,-0.061,0.488,0.183,253.652,101,1,1,0,1,1,0,6,3,1,11
2018-07-06T11:45:39.699606,-0.274,0.912,0.359,-0.671,0.671,-0.244,918.154,0.39,-0.692,0.671,0.61,-0.732,-0.732,2.323,-0.099,-0.098,1.048,0.671,-0.183,0.244,11.495,-0.378,-0.091,0.876,1.22,0.244,1.037,421.768,-0.068,0.777,0.689,0.305,0.244,0.244,253.652,66,1,1,0,1,1,0,6,3,1,11
2018-07-06T11:45:39.796872,-0.27,0.91,0.361,-0.366,0.488,0.244,918.154,0.393,-0.696,0.672,-0.671,-1.28,-0.244,2.323,-0.096,-0.1,1.044,0.427,-0.061,0.427,11.495,-0.376,-0.094,0.891,0.244,-1.28,-0.122,421.768,-0.071,0.778,0.689,1.585,0.488,0,253.652,55,1,1,0,1,1,0,6,3,1,11
2018-07-06T11:45:39.845507,-0.27,0.91,0.361,-0.244,0.488,0.122,918.154,0.393,-0.696,0.672,-0.244,-0.793,-0.366,2.323,-0.099,-0.104,1.039,0.366,0.244,0.366,11.495,-0.376,-0.094,0.891,0.366,-1.89,-0.488,421.768,-0.069,0.78,0.687,0.549,0.671,0.183,253.652,53,1,1,0,1,1,0,6,3,1,11
2018-07-06T11:45:39.899651,-0.271,0.909,0.357,-0.427,0.671,-0.122,918.154,0.385,-0.693,0.671,-0.488,-0.793,-0.305,2.323,-0.097,-0.099,1.044,0.61,-0.061,0.305,11.495,-0.371,-0.099,0.883,1.037,-0.366,0.183,421.768,-0.069,0.78,0.687,-0.61,0.366,0.305,253.652,40,1,1,0,1,1,0,6,3,1,11
2018-07-06T11:45:39.959817,-0.274,0.917,0.364,-0.671,0.671,0,918.154,0.388,-0.693,0.67,-0.61,-0.915,-0.305,2.323,-0.097,-0.099,1.044,0.366,-0.427,0.305,11.495,-0.375,-0.092,0.885,0.793,-1.463,0.488,421.768,-0.067,0.775,0.691,0.61,0.366,0,253.652,58,1,1,0,1,1,0,6,3,1,11
2018-07-06T11:45:40.024993,-0.274,0.917,0.364,-0.732,0.366,0.427,918.154,0.391,-0.696,0.673,-1.037,-0.976,0,2.323,-0.098,-0.104,1.048,0.305,0.244,0.366,11.495,-0.362,-0.094,0.888,0.305,-1.768,-0.976,421.768,-0.071,0.778,0.689,0.61,0.366,0.183,253.652,56,1,1,0,1,1,0,6,3,1,11
2018-07-06T11:45:40.100197,-0.272,0.907,0.36,0.061,0.61,0.122,918.154,0.389,-0.691,0.673,-0.244,-0.793,-0.244,2.323,-0.098,-0.102,1.046,0.244,0.122,0.183,11.495,-0.365,-0.097,0.886,-0.122,1.159,1.341,421.768,-0.068,0.778,0.688,1.22,0.549,0,253.652,34,1,1,0,1,1,0,6,3,1,11
2018-07-06T11:45:40.170389,-0.27,0.916,0.36,-0.244,0.61,0.061,918.154,0.388,-0.695,0.671,0.244,-0.793,-0.305,2.323,-0.096,-0.105,1.042,0.305,-0.122,0.427,11.495,-0.37,-0.097,0.892,0.732,-0.122,0.732,421.768,-0.071,0.781,0.686,0.122,0.61,0.183,253.652,-38,1,1,0,1,1,0,6,3,1,11
2018-07-06T11:45:40.230554,-0.27,0.911,0.359,-0.793,0.427,0.244,918.154,0.388,-0.695,0.671,-0.976,-0.976,-0.244,2.323,-0.097,-0.103,1.042,0.671,0.183,0.366,11.495,-0.37,-0.097,0.892,0.061,0.122,0.976,421.768,-0.069,0.776,0.688,-0.488,0.488,0.183,253.652,-6,1,1,0,1,1,0,6,3,1,11
2018-07-06T11:45:40.289712,-0.274,0.911,0.361,-0.61,0.732,-0.305,918.154,0.387,-0.695,0.668,-0.427,-0.915,-0.183,2.323,-0.097,-0.103,1.042,0.793,0.366,0.488,11.495,-0.371,-0.094,0.887,0.305,0.549,0.488,421.768,-0.069,0.776,0.688,0,0.427,0.122,253.652,81,1,1,0,1,1,0,6,3,1,11
2018-07-06T11:45:40.361911,-0.272,0.913,0.361,-0.366,0.427,0.366,918.154,0.391,-0.694,0.673,-0.305,-0.793,-0.366,2.323,-0.098,-0.1,1.049,0.366,0,0.366,11.495,-0.372,-0.093,0.884,0.793,0.854,0.488,421.768,-0.071,0.778,0.689,0.793,0.61,0.061,253.652,140,1,1,0,1,1,0,6,3,1,11
2018-07-06T11:45:40.419567,-0.272,0.913,0.361,-0.671,0.427,0.244,918.154,0.39,-0.696,0.673,-0.427,-0.732,-0.305,2.323,-0.097,-0.103,1.043,0.488,0.122,0.305,11.495,-0.368,-0.097,0.894,0.427,-0.122,-0.244,421.768,-0.071,0.779,0.685,0.305,0.305,0.183,253.652,99,1,1,0,1,1,0,6,3,1,11
2018-07-06T11:45:40.500285,-0.269,0.911,0.36,-0.915,0.549,0.122,918.154,0.386,-0.693,0.67,-0.61,-0.915,-0.183,2.323,-0.098,-0.105,1.041,0.549,0.244,0.305,11.495,-0.365,-0.097,0.884,-0.061,0.671,-0.183,421.768,-0.07,0.779,0.687,0.793,0.488,0.122,253.652,17,1,1,0,1,1,0,6,3,1,11
2018-07-06T11:45:40.570478,-0.271,0.911,0.36,-0.549,0.671,-0.244,918.154,0.387,-0.693,0.672,-0.854,-1.037,-0.061,2.323,-0.098,-0.103,1.046,0.732,0.061,0.305,11.495,-0.365,-0.097,0.884,0.854,-0.305,0.244,421.768,-0.069,0.779,0.687,0.793,0.305,0.122,253.652,-104,1,1,0,1,1,0,6,3,1,11
